timestamp,mission_minute,latitude,longitude,altitude,pm25,pm10,co2,no2,so2,voc,temperature,humidity,wind_speed,image_file,simulated_event
2026-01-01 08:00:00,0,-6.914623820730061,107.61554000397345,77.25135358741937,26.294032927284757,50.57690833445388,429.7983861099485,16.464520930367556,7.703518379890263,0.29944479838572374,29.423254122376047,63.12241202836541,1.744237172598189,data/images/frame_000.png,normal
2026-01-01 08:02:00,2,-6.914383617309985,107.61607660272189,77.06885181081293,28.31438375138859,52.24879895060451,428.66141698956284,16.96473103224384,8.043229916803318,0.2786351356619752,28.6733072812087,68.70978821081431,1.9176849256485649,data/images/frame_001.png,normal
2026-01-01 08:04:00,4,-6.9142080814556595,107.61569114533259,77.92751909877948,31.51266877071026,51.11675229016277,425.6112105184634,16.915585839492838,7.623054003746889,0.3132112966534314,29.284360959825943,68.6078487708124,2.4571382491506104,data/images/frame_002.png,normal
2026-01-01 08:06:00,6,-6.913831858069572,107.61554314688415,74.51730994524726,25.347108053581227,54.45988129055599,434.033898270045,18.96312639328128,7.892240888688837,0.29304602058985785,29.472466904485405,69.22264796344652,2.5490394585428673,data/images/frame_003.png,normal
2026-01-01 08:08:00,8,-6.913338255624462,107.61573375415675,78.51213111754342,26.08378794046174,51.00582129947003,430.20329353079325,21.4482003386643,6.566891627473335,0.314103117234968,29.52336922234751,63.51070178615139,2.2989289871897727,data/images/frame_004.png,normal
2026-01-01 08:10:00,10,-6.913636293687377,107.61558654067863,78.77889066584373,26.647409833186185,52.2605961382513,444.6664358525772,18.599060330286335,6.302975537295908,0.2639653602331283,29.562413087959822,68.72151376092067,2.7394272897568954,data/images/frame_005.png,normal
2026-01-01 08:12:00,12,-6.913156741831532,107.61573776471629,79.35361356976551,29.16715381248134,53.4030436011423,440.7107606320859,17.93590471456887,7.096438113302089,0.28510745381348374,29.668323204761606,65.66614180149374,2.5670235657237708,data/images/frame_006.png,normal
2026-01-01 08:14:00,14,-6.912941573066664,107.61566833886698,78.14171902639895,29.531521525554645,54.79810129371407,431.00024452388067,19.16528600755309,6.099639008771413,0.2607692384775804,29.421821603569196,67.72812836492125,2.7162154160552805,data/images/frame_007.png,normal
2026-01-01 08:16:00,16,-6.912694164849237,107.615220429971,81.35879904251058,27.447646161203863,58.99731241716277,425.71705217343606,19.11743137012413,6.751264682403151,0.29070119464665406,29.066865729146336,65.37419682434974,3.061455144970164,data/images/frame_008.png,normal
2026-01-01 08:18:00,18,-6.911880129760967,107.61495121562568,82.056377393888,28.691026468745463,53.7227941757843,440.5421476683084,19.701621281914406,8.85351485479321,0.29534821625461527,29.638917393039936,64.62911275800883,2.1455937296800696,data/images/frame_009.png,normal
2026-01-01 08:20:00,20,-6.91207932114153,107.6153314773083,81.98897468117768,32.14006560712356,51.17172664697878,430.89018513779337,18.165750524120796,7.319972026099063,0.26898673722871075,30.200584863091272,67.99888148365295,2.819600713158118,data/images/frame_010.png,normal
2026-01-01 08:22:00,22,-6.911405088889713,107.61512519132279,77.47291503222482,33.60669289383366,70.03666941409499,444.34358143076395,18.219561392741326,5.984716792581116,0.3120770697592067,29.188299621128117,66.49342174105243,3.0288241709634063,data/images/frame_011.png,normal
2026-01-01 08:24:00,24,-6.911515380433458,107.61496165605631,80.58414723965743,28.878667811705277,52.653336815646526,420.06294652546035,19.287982617103328,7.7045569139526116,0.3514637982404305,29.637597117268196,68.17522447188938,2.8288518713254893,data/images/frame_012.png,normal
2026-01-01 08:26:00,26,-6.911036312935215,107.61518678846083,81.4347578670012,34.357104371255076,53.99231282212156,450.99323347739835,18.695770178670607,8.548657524662822,0.3186641203630751,29.22259236517919,62.90040483675472,2.5559110957435585,data/images/frame_013.png,normal
2026-01-01 08:28:00,28,-6.910873853350988,107.61479759692747,81.45601142747265,26.728489131256502,58.82421855663323,460.6351914311847,20.76146411671114,7.762786139577746,0.3178473935795047,30.010573875667735,63.98112792072848,2.4139245936369926,data/images/frame_014.png,normal
2026-01-01 08:30:00,30,-6.910283667004433,107.61472062434238,82.64934054585125,30.282618821341483,52.879733919561474,426.00422402374284,23.591981866730322,9.28930596358003,0.3077552639983628,30.360795889014515,65.9985133204791,3.4106913850449145,data/images/frame_015.png,normal
2026-01-01 08:32:00,32,-6.910491660284887,107.61488068463774,80.99532600947747,30.02947675477445,57.978926839501604,447.18919429555984,23.294670688574357,8.033797237365304,0.3297573092242373,29.512504633146218,66.34579679965036,2.7623643828471645,data/images/frame_016.png,normal
2026-01-01 08:34:00,34,-6.910704860594416,107.61434450367047,82.19236594132897,32.31393077145831,53.05163276564871,444.2010244395393,20.02433005870638,7.748329789820949,0.34001194303929794,29.417815017718496,62.35595214126777,2.807720285032621,data/images/frame_017.png,normal
2026-01-01 08:36:00,36,-6.909865509682985,107.61452448274012,84.63413477994506,30.765017400172514,54.42719118039834,445.5923401629069,21.43471245483696,10.07167660174123,0.3630118190460056,29.70318227685925,63.80870583968836,3.030505145718709,data/images/frame_018.png,normal
2026-01-01 08:38:00,38,-6.910032817808903,107.61394411665873,81.05176330065794,28.81847125483139,56.629579882965984,419.38880343556826,20.852313601690682,7.252995835656068,0.3038614910112429,29.799484672642187,64.97771980481997,3.3853351260251885,data/images/frame_019.png,normal
2026-01-01 08:40:00,40,-6.909870389285694,107.61381090782595,80.48112123828959,28.093672248838633,68.08467743976874,480.6426400306744,19.150372698591333,7.85147359270432,0.3264982735477362,29.452895285099583,69.33567903170798,2.5269524176447398,data/images/frame_020.png,normal
2026-01-01 08:42:00,42,-6.909063286235334,107.61339926687938,85.29750621321874,30.413432579904025,53.85521004368462,443.5240637116629,20.88638645721547,8.372787914946343,0.3047898817973719,30.50939374625563,64.92699167332852,2.8567051590602337,data/images/frame_021.png,normal
2026-01-01 08:44:00,44,-6.909234871208994,107.61370399170326,86.74461631270569,29.1502565301595,61.66786744361327,445.78881615481544,25.232647256317946,9.484471569166356,0.32888188609483876,30.363120096230478,63.80429974745651,2.9956962607300404,data/images/frame_022.png,normal
2026-01-01 08:46:00,46,-6.90941418066086,107.61297120418101,90.06194506446313,33.014924877380096,62.46710656675127,434.1780674278263,20.70740447587521,8.47318024069706,0.32095683759705657,30.366966163458628,64.70707930303851,2.388833579862472,data/images/frame_023.png,normal
2026-01-01 08:48:00,48,-6.909180808280648,107.6130159417682,85.9073226817391,30.39214989603231,61.37176786914513,451.5741423788672,20.969845405386174,6.890862233514696,0.32809968655701494,30.359894094065254,67.02488588723847,2.1013284281072506,data/images/frame_024.png,normal
2026-01-01 08:50:00,50,-6.9085742547303255,107.61244522793538,89.39348902628227,30.205667649830513,66.55915477914664,455.5042245696262,24.832344261245023,9.26975238042135,0.3309757904003694,30.184481985347563,63.0365534257064,2.62781188745503,data/images/frame_025.png,normal
2026-01-01 08:52:00,52,-6.908482667255955,107.61272006364034,89.38830311094279,33.27176195568494,55.513960970813294,458.3610971083654,21.437482594597952,9.293894087005016,0.3387129783398748,30.238458562154293,63.204353848310745,2.745357594151408,data/images/frame_026.png,normal
2026-01-01 08:54:00,54,-6.908390498313628,107.61256975277358,82.25381907228893,34.47506512185128,63.76818627353949,441.0159066085239,20.01386307227402,8.409631011993127,0.2893139103408868,30.37985950952528,59.96065248054244,2.79768015987436,data/images/frame_027.png,normal
2026-01-01 08:56:00,56,-6.908955086689418,107.61223731444655,90.46454244864933,31.151144343025226,62.82010119186151,469.1967259076976,18.173922707204714,7.934416801972451,0.3341320959447914,30.720437537150936,57.019819247546266,3.0717673451480847,data/images/frame_028.png,normal
2026-01-01 08:58:00,58,-6.909139120653638,107.61229645688319,88.09531946779416,33.411933325035776,62.03904922656908,452.9824791053632,22.414752612209366,7.737857652225845,0.31514904690588924,30.86235703788339,61.18287878689442,3.23281736404894,data/images/frame_029.png,normal
2026-01-01 09:00:00,60,-6.908753160713489,107.61178778264046,89.94436823375206,29.196038963141717,57.29957594619072,452.9325341932533,23.47950564836207,8.456209013644553,0.3513874460253125,30.03830653576393,62.16485918429125,3.4459473831411858,data/images/frame_030.png,normal
2026-01-01 09:02:00,62,-6.908487098919222,107.61166356961154,88.5250333801919,34.53094817020815,58.9237323073005,452.1018133200063,24.33930404604232,7.1810597938394505,0.2860493908818416,31.593662410062883,61.836692244044215,2.2024111478707695,data/images/frame_031.png,normal
2026-01-01 09:04:00,64,-6.90910287786603,107.61101289136731,88.06277827164102,25.44604988395426,61.18677063889477,445.4150365227029,22.822479682087664,9.037464675899345,0.31982793287449435,30.811955924923794,62.917684840266276,2.3822557510104287,data/images/frame_032.png,normal
2026-01-01 09:06:00,66,-6.908528776557932,107.61102458909147,88.1790099618944,32.54816455537167,59.104379124833265,457.5657392713872,21.521489375085793,8.392112844322279,0.335999167482457,30.287070279819137,61.66067457176608,2.9156687568856072,data/images/frame_033.png,normal
2026-01-01 09:08:00,68,-6.9092482762300484,107.61039700272859,81.95144829275158,29.891253781448487,61.6757224876068,464.58363121410645,24.385179567012898,8.438272125385856,0.34785243883197303,29.580365596943548,60.30215421086664,3.076298711291953,data/images/frame_034.png,normal
2026-01-01 09:10:00,70,-6.908773052654148,107.61026400688058,84.38882208945795,32.26454349727281,68.41425266755702,435.0937158752216,22.688721273874915,7.665760254244184,0.324498999741912,29.988759532002504,59.67110410809184,2.6531628645646097,data/images/frame_035.png,normal
2026-01-01 09:12:00,72,-6.908889685877402,107.60976669675355,88.69646009661362,28.765980332966055,62.457403458366194,449.54115156898024,22.550483799547752,8.789514139812715,0.3441394692637211,30.405420033977077,60.455920479249926,2.3659572004895297,data/images/frame_036.png,normal
2026-01-01 09:14:00,74,-6.909018045319864,107.60960553879002,88.8191133260674,29.808975762323406,61.938867439307394,475.3215293013437,25.66574212858097,8.554427767897334,0.3134975136863117,30.549306163802996,64.48208594618407,2.834053615607936,data/images/frame_037.png,normal
2026-01-01 09:16:00,76,-6.908753139434508,107.60951336467309,86.28977268095602,26.28012765849383,50.855251379470324,438.56301381158755,21.060943163205685,8.26048273735642,0.35617818033886883,30.705756025527954,62.39109783988352,2.365472796505906,data/images/frame_038.png,normal
2026-01-01 09:18:00,78,-6.9088497433675,107.60923441441076,85.97504958286439,31.172151363296546,58.448650356892394,464.76493623787155,19.781639975859033,8.493394693603442,0.3708355438595816,30.5512195273933,60.81201088450432,2.677265074752555,data/images/frame_039.png,normal
2026-01-01 09:20:00,80,-6.909188445503389,107.60958396233858,84.81720121879621,27.75420786402659,61.68121916067719,441.7721729966839,22.977052986851938,9.347027461618577,0.313102170945089,31.010837915352372,61.30350293828828,2.506175447901178,data/images/frame_040.png,normal
2026-01-01 09:22:00,82,-6.909447387971588,107.60909086860487,83.1978929561744,24.754839492063386,52.76518985806026,468.3136871467887,23.32363576675026,7.890893067034003,0.2643280035959962,31.183624221795405,56.795504558323614,2.400147270171074,data/images/frame_041.png,normal
2026-01-01 09:24:00,84,-6.910261876009567,107.60859464978913,90.9382756176021,25.518660580528845,57.88235766972669,453.06268012454655,21.482208534024842,9.08402981456444,0.30837294260030496,30.969507436137867,59.909731895765354,2.6307685934498313,data/images/frame_042.png,normal
2026-01-01 09:26:00,86,-6.909511525750682,107.60831343351276,85.89682119295291,31.94557226142088,58.06661781961337,468.6014315569021,20.75726629667492,9.597585835172577,0.30083302938408163,31.51604192207712,58.82407566238774,2.1064870838297307,data/images/frame_043.png,normal
2026-01-01 09:28:00,88,-6.909784464371252,107.6086339907477,81.61909537514138,25.026486679016664,61.48445199914949,445.14213916561465,23.52847718810885,6.497596090843817,0.2756022953044891,30.36674518391687,60.07502417038592,2.5237225997578054,data/images/frame_044.png,normal
2026-01-01 09:30:00,90,-6.910453177856481,107.60779624159628,82.92466343257432,28.840899876975204,53.7472657490074,459.9068435701089,22.555947169874873,8.697818980547705,0.3068407163487691,30.714838994434906,60.51622305368259,2.2571813014648727,data/images/frame_045.png,normal
2026-01-01 09:32:00,92,-6.9101516642267375,107.60827467469844,81.37548220334801,25.24798711544392,53.938527197485996,450.359461335529,21.857988932938298,8.404859787080252,0.27139945779879404,30.66054957118218,59.22537030968364,1.8985927869416992,data/images/frame_046.png,normal
2026-01-01 09:34:00,94,-6.91020611374225,107.60771739785238,80.59244020771575,24.50944495891261,57.268195848807935,454.1011060188677,19.522533955284995,8.48740042237439,0.25173658701899,30.506172386239196,62.44610851287981,2.27239813670278,data/images/frame_047.png,normal
2026-01-01 09:36:00,96,-6.91031317439169,107.60761510647698,79.72971951672085,26.887946145325607,52.37006312243052,459.24495821264503,24.61572186027302,7.363289274838839,0.2647082152202649,30.962786937502294,55.022441769387804,1.7485790041650695,data/images/frame_048.png,normal
2026-01-01 09:38:00,98,-6.9108145496951146,107.60748080655004,76.21910330397417,24.33526954104266,54.89460038464327,444.1075925030747,22.355025844909857,8.464498430231787,0.2387863571788424,30.90854761254251,65.57908582558943,1.5220857632205376,data/images/frame_049.png,normal
2026-01-01 09:40:00,100,-6.910980314534651,107.6067132762863,83.0934455476365,28.75011691251391,58.4101500175112,429.7773755815473,21.72600357799801,7.407911226443241,0.2865455784788805,30.50931993255656,59.419296203941684,2.236941693481198,data/images/frame_050.png,normal
2026-01-01 09:42:00,102,-6.911709831304501,107.60675398252866,76.22100889549215,25.293453397095675,62.504712353649,444.3346012621374,20.674281711174064,8.412340537491625,0.2626727027158735,30.20781106619721,62.786797941502215,2.080142700965398,data/images/frame_051.png,normal
2026-01-01 09:44:00,104,-6.9114892076957215,107.60629926103657,76.76535818891172,30.11852834728968,67.01608107507904,444.3456943637734,16.983193778731867,7.908411909967695,0.268516620872779,31.38946503560114,58.39862101751166,1.1000237453519395,data/images/frame_052.png,normal
2026-01-01 09:46:00,106,-6.9119152977125164,107.60595034453738,79.08916640927242,30.840891990800973,55.8778093394921,444.7167886493412,20.061312099466818,8.606407394767013,0.2299301480182198,31.00160989835046,57.26833799229064,2.139280609056082,data/images/frame_053.png,normal
2026-01-01 09:48:00,108,-6.912094623042853,107.6059333422763,82.23691513558654,81.36052722180374,123.65146891338694,437.8618691627537,35.886960105398586,9.039514030769977,0.46956162991911915,30.67454800536852,65.18476039027613,1.4596744011404157,data/images/frame_054.png,pollution_plume
2026-01-01 09:50:00,110,-6.912430430990107,107.6054133544541,71.18419687083565,79.82360654841948,108.9222785787606,439.22042299559314,33.24094818844997,8.691420839765824,0.5854643353397315,30.955252452749985,59.72534755531344,0.901317841492126,data/images/frame_055.png,pollution_plume
2026-01-01 09:52:00,112,-6.912731803081592,107.6058596451283,77.2409774738283,67.7978410944738,103.37093899469306,465.23544363541805,38.60092284216671,7.634297995244417,0.4444211383151919,31.285063981326196,59.752337841055564,1.6013621197389878,data/images/frame_056.png,pollution_plume
2026-01-01 09:54:00,114,-6.913170736009435,107.60489824016817,71.80822803735157,65.42889884308715,105.45519164666155,446.01192108541795,35.71229442433029,7.1428512384544005,0.3912242185142003,30.29151990570668,60.58276067336119,2.1000517493269175,data/images/frame_057.png,pollution_plume
2026-01-01 09:56:00,116,-6.913089088112693,107.60504993946783,73.99723924950644,70.84000453349131,116.71805903274415,433.84172838889754,31.591929097760726,8.77378899581345,0.4205367507554109,30.588189656798303,58.0820210681855,1.122230046572159,data/images/frame_058.png,pollution_plume
2026-01-01 09:58:00,118,-6.913365634805718,107.60486184484382,70.01221768598086,71.3558792391308,105.82770757395961,447.3944658658052,36.39609999512632,8.463089203886128,0.4867745257464449,30.862306514171674,61.30997590845131,1.8227966946747673,data/images/frame_059.png,pollution_plume
2026-01-01 10:00:00,120,-6.914318238803277,107.60501789701198,75.50569912454577,64.28566919966545,121.29959893637573,441.26901352550226,30.479386546030156,9.401050675152186,0.6116094617504078,31.44565290338167,62.50385228597736,1.4644571599486642,data/images/frame_060.png,pollution_plume
2026-01-01 10:02:00,122,-6.914040575740555,107.6051601518953,73.96871326531769,61.08105800551306,123.45696682896667,437.52526645716665,32.57308385175398,9.050622712012526,0.473562274707793,30.943868374791478,62.860424085604784,1.680344749087675,data/images/frame_061.png,pollution_plume
2026-01-01 10:04:00,124,-6.914399816706175,107.60443756144525,72.61205285979361,69.11955342649725,122.65139174129826,454.2467936138866,31.504812599874796,7.845989713029125,0.41443305567749655,30.610372555502597,58.07275930626241,1.512497166960838,data/images/frame_062.png,pollution_plume
2026-01-01 10:06:00,126,-6.915063022368933,107.60471076236485,71.96439524752428,74.31455102563208,121.82950031388137,443.27823277234734,32.712776395088866,6.7205684580504,0.5617196215812084,29.749758479852336,61.09003420279467,1.851234867134103,data/images/frame_063.png,pollution_plume
2026-01-01 10:08:00,128,-6.915361296330281,107.60438426394147,70.82480580376685,76.15405913300116,97.50296077048368,445.82325361303805,29.647174696523038,7.722268222781923,0.5783545728705287,30.431691112913473,60.02542985484311,1.5666700817766903,data/images/frame_064.png,pollution_plume
2026-01-01 10:10:00,130,-6.915269623435262,107.60406386687032,63.22055379448163,75.65747177965538,125.94850085498146,409.26701698283694,36.879007169946576,8.71459643124331,0.3899319370616584,29.6519583148676,61.62235503642904,1.4676094462948353,data/images/frame_065.png,pollution_plume
2026-01-01 10:12:00,132,-6.915289602843938,107.60471353239708,67.97685774181942,69.44666239729781,122.71701212782679,444.9637912014643,38.39328123340602,8.084055766605728,0.4183712023190202,31.312570623204273,61.72385920468179,2.052510200233766,data/images/frame_066.png,pollution_plume
2026-01-01 10:14:00,134,-6.9159336404330976,107.60423325544346,68.45935040002942,62.98954881424958,94.77617393074516,422.49065255320824,32.91952649260894,7.407031799955766,0.4717304909044439,30.57064398380461,62.78851503783113,0.7460920774340869,data/images/frame_067.png,pollution_plume
2026-01-01 10:16:00,136,-6.916244893429746,107.60415253725375,64.84674666102828,72.40259937556227,122.60366181200195,436.35110391934813,36.958423642525034,7.253638390963215,0.4142038497591881,30.707420109226604,61.980549213006256,0.7506089544036669,data/images/frame_068.png,pollution_plume
2026-01-01 10:18:00,138,-6.916449019909458,107.60432319196674,66.05143717107924,70.45020720623867,99.80771291255729,438.65575234312223,30.5768900798751,8.051151700524526,0.4572263913872265,29.21650445204625,57.665675836092305,1.1134843441146245,data/images/frame_069.png,pollution_plume
2026-01-01 10:20:00,140,-6.916779061070206,107.60391427567441,71.60893284473482,58.826576004617166,113.97457775905605,424.45479689960473,34.397914116455794,7.464562219784845,0.581059692495329,30.02156123674636,67.18459560073248,1.3219350590918226,data/images/frame_070.png,pollution_plume
2026-01-01 10:22:00,142,-6.917323618594657,107.60403282363174,70.45820574019011,65.66648101185538,93.33468561960015,434.54101562535357,31.696230686573976,6.946137593051355,0.5922965375495504,29.413034461887904,61.35275412358356,1.09672362024081,data/images/frame_071.png,pollution_plume
2026-01-01 10:24:00,144,-6.917063795775882,107.6042718935198,66.84723030203237,23.72100222050795,50.46537533249555,438.22894248608503,18.46328571089329,7.409349826385471,0.27090645174987915,30.481129823708095,59.38940330937909,1.3723114530858604,data/images/frame_072.png,normal
2026-01-01 10:26:00,146,-6.917548380102694,107.60374100611193,66.50436679297522,17.467071875061336,48.23147169220084,440.56559151615414,14.594070904495048,6.381846221754555,0.2747120182190929,28.852155425094203,63.34808747026668,0.2,data/images/frame_073.png,normal
2026-01-01 10:28:00,148,-6.918000024378344,107.60437090964356,65.09887961679512,19.014152817242366,45.35080287543233,433.54578905939206,14.051551885017314,6.681745209582034,0.22159783715060494,30.308327438083232,66.56251799175654,1.4653067479322226,data/images/frame_074.png,normal
2026-01-01 10:30:00,150,-6.917898278473157,107.60380947889806,63.89458146569121,18.924902787803294,40.82054258052999,446.3607907621475,15.590907023017484,5.688034894410447,0.2511077063219287,30.029467990606964,63.21262735740795,1.6487455501609123,data/images/frame_075.png,normal
2026-01-01 10:32:00,152,-6.918255304894148,107.60341920720526,65.10139275878183,17.915639282512664,46.67845823971153,428.5997585853199,15.292896715320321,7.453388117621707,0.27701015120784067,30.359604118416215,63.7301867167548,1.6708756685292028,data/images/frame_076.png,normal
2026-01-01 10:34:00,154,-6.918155158308741,107.60414205996338,63.7863916508947,21.384226014084405,48.595620547800415,430.6427900311469,14.68217532017403,6.36125963047774,0.25604803641619767,30.137514893743425,64.85545600729233,1.5122495115060999,data/images/frame_077.png,normal
2026-01-01 10:36:00,156,-6.918825848632303,107.60392027443774,65.86206371135744,18.19841577097109,51.09875118480287,424.4660645408911,12.853238864029048,5.79327812342013,0.21500155355446432,29.75922381097471,64.97784505654737,1.6258311866343156,data/images/frame_078.png,normal
2026-01-01 10:38:00,158,-6.919026085414854,107.60379897728451,62.61196096641665,21.95327173086709,47.121104477173496,404.2996211461435,15.018854544055582,4.822320668457931,0.24191072489477872,30.154849095358852,64.09024979702383,1.630392085206458,data/images/frame_079.png,normal
2026-01-01 10:40:00,160,-6.919241973214904,107.60417133904045,66.99109777501802,19.785895274282392,44.10354078918508,440.54940464812245,14.51855935943662,7.1490266233400535,0.25857806323078203,29.914339499658027,62.14736557972832,1.7191428761369445,data/images/frame_080.png,normal
2026-01-01 10:42:00,162,-6.919669849480839,107.60420616985618,65.36533762413335,19.770217158117706,46.33464349842751,416.37102892879085,16.16339095781639,5.450010836948437,0.23732489984199953,29.815150433738587,61.65439183294991,1.2810663034537608,data/images/frame_081.png,normal
2026-01-01 10:44:00,164,-6.919582250727743,107.60463685195447,59.01533112081357,21.303048915776774,45.69985175609865,425.1205296676888,17.8524296513101,6.018221872108641,0.2716627874634315,30.37702871519891,64.1008153567081,1.7608970940554385,data/images/frame_082.png,normal
2026-01-01 10:46:00,166,-6.919936993986505,107.60408340315347,59.84560299679397,20.61920857564394,38.51140771348906,423.3443148108734,12.233648412286803,5.594245339700881,0.2500999734485534,29.863927259187733,67.50895726681824,1.6277009822892736,data/images/frame_083.png,normal
2026-01-01 10:48:00,168,-6.919599701335046,107.60488356259157,61.25278573961216,22.12525671804038,43.657876183816335,426.55789693882423,14.237790325680281,5.1484855890884305,0.2070519901998843,30.248863740771075,64.67922480420599,1.6420500133409113,data/images/frame_084.png,normal
2026-01-01 10:50:00,170,-6.919906624928551,107.60420463196091,61.212313452226994,19.696452272410085,48.77351294398427,443.3283217911893,15.7419670620245,6.989715179292358,0.27803808298301147,29.54994837328756,66.23448414707374,1.8005687866637925,data/images/frame_085.png,normal
2026-01-01 10:52:00,172,-6.9199144707913955,107.604529471582,64.82068617069129,18.1786812427857,39.57965797804055,439.1748179405546,16.25027394476837,7.3460057212525784,0.24167259319441387,29.722503525498034,61.68456511632279,2.0272042830779347,data/images/frame_086.png,normal
2026-01-01 10:54:00,174,-6.920598377675669,107.60442739268952,63.39375218051989,22.2146758910858,38.631188981235056,428.10013319566957,14.636981316874524,5.503134185379203,0.24416723409315616,29.46619371493817,67.4461461932356,1.7018736077177885,data/images/frame_087.png,normal
2026-01-01 10:56:00,176,-6.920455656379966,107.60454074016006,68.50045230626762,19.472158007522044,41.84553977827149,413.6420667979018,17.01960500659613,5.919627815890621,0.28398949321014066,29.327862162285047,64.18935133810598,1.1422288067263302,data/images/frame_088.png,normal
2026-01-01 10:58:00,178,-6.920479212205211,107.60474737495576,63.05526179015119,17.064584714854007,40.55930413755691,421.23560913607366,15.683725970129657,6.380433550573948,0.2439978627797329,29.31497177128603,69.28616482327517,1.113929244061396,data/images/frame_089.png,normal
2026-01-01 11:00:00,180,-6.92031041978268,107.60513419270676,64.04508219785703,23.427408480323418,43.50044971644871,420.28062840856705,17.0099286526981,3.993538194975385,0.2200906057460415,29.687211922126842,65.86364072389384,1.7799485420668502,data/images/frame_090.png,normal
2026-01-01 11:02:00,182,-6.920917830757613,107.60493295081015,62.93584834561396,27.643246078634093,51.13456475903073,414.54240757280667,13.629492072364714,4.989121364074171,0.2098536933115277,28.516189815577526,62.91457020601043,1.7268407264010186,data/images/frame_091.png,normal
2026-01-01 11:04:00,184,-6.920691366068403,107.60492971596568,63.68675399407151,23.016061040413888,44.954236115128495,402.8732074282896,15.756130924530135,5.224626899756628,0.2754902847652123,28.4146479916293,63.67037488272057,2.132586069870147,data/images/frame_092.png,normal
2026-01-01 11:06:00,186,-6.920690986301707,107.60499851617435,63.26846820448768,25.89271441451157,47.68301266627212,414.8929475676786,15.510245518619168,7.370288345176369,0.3108722279342902,29.239258876308618,67.30779657899767,2.0841827136404563,data/images/frame_093.png,normal
2026-01-01 11:08:00,188,-6.92100653951559,107.60528215125846,68.98084552358645,23.54454663498567,42.78654266623978,409.4389962051006,12.897479250339794,5.214065328511472,0.24213448408379656,28.53864013455901,62.67114504462555,2.0166177428190446,data/images/frame_094.png,normal
2026-01-01 11:10:00,190,-6.920125348514532,107.60576677406095,67.5277127433782,16.699335599294432,37.16863978221636,394.81170223949545,10.02130309379072,4.7906276611717,0.29957023104273395,28.734786644915182,65.71657800321543,1.9903577144261142,data/images/frame_095.png,normal
2026-01-01 11:12:00,192,-6.920688096694941,107.60620077921541,66.47299503189166,82.17161122074653,115.73118586439077,600.5304431204097,15.058811881051358,5.272621012163903,0.2407541692652681,33.19890891644504,55.749718659584424,2.4766221978478296,data/images/frame_096.png,fire_smoke
2026-01-01 11:14:00,194,-6.920841410673415,107.60607733439454,67.35438569446028,89.28769035455922,123.00658472009258,541.868213605617,15.89818363396946,5.73443458015606,0.26094033108610537,33.24090038763177,61.06632877176481,2.792906167409263,data/images/frame_097.png,fire_smoke
2026-01-01 11:16:00,196,-6.92079394342307,107.60634520409246,63.898200202925345,91.41187916016521,109.43108912817559,594.4201093722783,14.179524474932295,6.2869446528236015,0.26252000132642567,33.811397316938454,59.154516777328695,2.384549513092867,data/images/frame_098.png,fire_smoke
2026-01-01 11:18:00,198,-6.920383029742684,107.60685910425454,70.88155049686421,90.13915192921701,116.28738552053704,575.9825805961758,14.65466386581416,5.448726882083271,0.30601888976190805,31.56101541219661,57.22489246470478,2.2309728495703283,data/images/frame_099.png,fire_smoke
2026-01-01 11:20:00,200,-6.9207851446738085,107.60667997781998,73.02931005145815,72.83179042393942,112.57768901233192,587.9123498801671,15.526772218690782,4.338084993057083,0.2621374090304273,32.964027336854606,61.04020910037461,2.3456521159202484,data/images/frame_100.png,fire_smoke
2026-01-01 11:22:00,202,-6.920207724402226,107.60709057926077,66.77536683758936,70.5286273242974,129.25547528058618,510.30652558636336,15.46708206049406,5.036568332291571,0.2912712702943102,31.78310346366782,56.16061249950207,2.979594732189169,data/images/frame_101.png,fire_smoke
2026-01-01 11:24:00,204,-6.919957284703143,107.6069333478485,66.37935860680506,74.24834866935718,134.60602679214696,531.5372230657313,13.818977514819492,6.151051856550506,0.23671771079045945,33.55243851493643,51.89165333637335,2.675360191036015,data/images/frame_102.png,fire_smoke
2026-01-01 11:26:00,206,-6.920017461654186,107.60751395270283,76.74821342044345,78.44138012769591,129.88636485567892,512.5178661455411,18.231506667988736,5.8023992989025555,0.267840984332812,33.725757587730975,54.83778477765756,2.7904748490721882,data/images/frame_103.png,fire_smoke
2026-01-01 11:28:00,208,-6.919912571133342,107.60805797880016,70.58856427296743,76.74315216034941,132.71557862880698,538.8677462164726,10.994864081830622,6.216778093584936,0.2791126363949486,33.42408009219923,56.554629778253194,2.5406244015916317,data/images/frame_104.png,fire_smoke
2026-01-01 11:30:00,210,-6.9202322956545075,107.60802113382427,70.9965783874062,83.15650813158766,118.20807898645583,549.632042079156,16.816803407403018,6.497042435755795,0.21935150477659787,31.62498523316011,61.68223989604896,2.8531763501366734,data/images/frame_105.png,fire_smoke
2026-01-01 11:32:00,212,-6.919965246618241,107.60813551492149,67.64262528671715,96.25354254909567,104.84325231822609,546.1954020104376,15.307435820850113,5.362057132449954,0.30779655683880086,31.394408114855,65.8068039246518,2.5747048413368785,data/images/frame_106.png,fire_smoke
2026-01-01 11:34:00,214,-6.9196662837858,107.60846567876926,71.78012330354626,75.73953244746954,129.71086046404042,567.4081108969863,16.5592708912411,6.597044529751031,0.27443158186781536,32.49676244265605,58.05799970899683,2.980722407217516,data/images/frame_107.png,fire_smoke
2026-01-01 11:36:00,216,-6.919388939132095,107.6086328578525,75.85057284671458,85.90833583795603,125.45829157887732,564.1915314208668,13.877247418497253,4.757018751909509,0.2762969271852052,32.376723323454,54.66781531343096,3.123483762914066,data/images/frame_108.png,fire_smoke
2026-01-01 11:38:00,218,-6.919452293230357,107.60906084492525,70.29809335052376,72.81813383709556,133.29549208697995,592.6340997278073,17.178085836520953,5.2552838000476205,0.285367172764652,33.26676901386922,57.07942854165134,3.3694921424658,data/images/frame_109.png,fire_smoke
2026-01-01 11:40:00,220,-6.918961794426367,107.60960271106993,73.21751233468571,81.75767081958534,110.35786002004458,576.7454948292813,16.31951687527185,5.535901788604813,0.2701548869465452,32.22898251290388,63.03577231571712,3.2310336963323514,data/images/frame_110.png,fire_smoke
2026-01-01 11:42:00,222,-6.918718793090388,107.6087112295487,73.0326566382736,89.02411023152614,121.08950660547477,549.2486438303638,15.65355600264779,5.6013525318726005,0.31259321322197153,32.16904771309673,67.89700647623232,2.4089682071274567,data/images/frame_111.png,fire_smoke
2026-01-01 11:44:00,224,-6.918442914586413,107.60937168841953,74.20084020867117,24.962530412258218,50.0438122239703,394.7903564392178,16.028241075113574,4.573306910046678,0.29212209105922643,27.715805085656594,67.06848611539472,2.816976074784492,data/images/frame_112.png,normal
2026-01-01 11:46:00,226,-6.91840644433584,107.61010695286663,75.9259798002748,27.68027670921161,58.02294897815649,409.99405250881875,14.983391845072903,5.9685981947920395,0.3305018134804878,27.851436661070633,71.19910736593799,2.221707706366576,data/images/frame_113.png,normal
2026-01-01 11:48:00,228,-6.918503479928808,107.6096050312969,76.23239799184451,23.601687356335702,43.77919789041168,375.25884022177223,14.561304113342105,5.393771725727643,0.29922255758379207,27.576961343449227,73.43514863302514,2.864024701165361,data/images/frame_114.png,normal
2026-01-01 11:50:00,230,-6.917479954705238,107.61057479797697,75.75491692521736,29.027237529507026,54.36000915572862,394.1608607625313,18.72691230459668,4.794071385491797,0.3301706398181203,26.89120617250508,71.8990873361506,3.1803823095670998,data/images/frame_115.png,normal
2026-01-01 11:52:00,232,-6.917909450000086,107.61029133212138,81.47583955601823,28.330751754691324,56.54446228930168,405.21771074681914,12.040795981465049,4.938874713544022,0.32670302837800264,27.68885156838357,72.65432462511238,3.077119040230099,data/images/frame_116.png,normal
2026-01-01 11:54:00,234,-6.917119706830449,107.61037960741994,75.40841229882918,27.374522934154438,47.59658553437138,417.26993761494276,16.843758336032316,5.487352734603115,0.3044768442573154,27.50024630632784,69.83713328719332,2.5172649202891413,data/images/frame_117.png,normal
2026-01-01 11:56:00,236,-6.916908278910972,107.61081301572924,74.78768449381619,29.43038023907618,54.63036484373592,388.95545759116055,15.579710337339785,5.453225302461587,0.3240363060577831,27.296061199146152,69.35753772221665,2.5927198069140083,data/images/frame_118.png,normal
2026-01-01 11:58:00,238,-6.916665563581245,107.61089743439126,75.0777927685786,30.080104127137577,57.17306436097811,406.1886196767363,16.677571525870356,5.094482456979961,0.3135965624726672,27.690964204830955,73.70758257647185,2.2225170645922177,data/images/frame_119.png,normal
2026-01-01 12:00:00,240,-6.91678172136877,107.61091588728567,82.31811217053045,26.257929143886503,51.51111586198654,399.3294522759837,16.525526642845833,6.049270710073901,0.3255412402291048,27.19450779096973,70.1849911632471,2.506231808654138,data/images/frame_120.png,normal
2026-01-01 12:02:00,242,-6.916026816532064,107.6121345996786,76.89803367223344,26.434619326905732,51.36059368552613,424.47634048956706,16.92257834176257,5.876233850315494,0.3128706485580869,27.574580196129624,74.34066389141739,3.424563067863834,data/images/frame_121.png,normal
2026-01-01 12:04:00,244,-6.915888925257059,107.61204702906578,79.93895360959377,31.11957428854021,66.35097982254493,386.98446552613035,16.75863167369919,5.147074038793598,0.33339098662398314,27.54324207217561,71.88734274981056,2.7316624833309513,data/images/frame_122.png,normal
2026-01-01 12:06:00,246,-6.915485112084783,107.61239647921539,84.8002807590825,33.73124205823748,55.391918853380474,421.40654541023713,14.151142579696698,5.128165588041883,0.3230954137891979,27.613690703079744,74.69949440270926,2.1320801825177815,data/images/frame_123.png,normal
2026-01-01 12:08:00,248,-6.915202795889239,107.61250364738476,85.08563307718866,29.767938476660582,47.54666136280916,414.70756863253854,12.17678235370684,6.3513338030540005,0.2824813052776223,26.69908720933117,74.47887619531153,2.9357364597507694,data/images/frame_124.png,normal
2026-01-01 12:10:00,250,-6.914885710821131,107.61262538243294,85.87794733399028,33.31304669347031,57.036556528451726,404.276106179133,16.27518093532071,4.620920444864655,0.32967744543669136,27.38105048091384,70.48023343139006,2.7325243428858346,data/images/frame_125.png,normal
2026-01-01 12:12:00,252,-6.915039070524018,107.61306046197993,83.26970396209927,34.65508752965037,60.4337489374411,400.81555231800377,17.285479378276502,5.920432083427768,0.3270400615759119,28.505291919463808,69.63262150853191,2.847747394606403,data/images/frame_126.png,normal
2026-01-01 12:14:00,254,-6.9144740801598665,107.61306218753194,78.57986177212447,26.922386002192177,59.96165522444657,413.84415177385307,15.75959824935428,5.740566194559593,0.2823438396540865,27.463430455829513,73.67136818594373,2.774888723375736,data/images/frame_127.png,normal
2026-01-01 12:16:00,256,-6.914257057302841,107.61315636810257,87.52362195766716,31.30921930630229,55.30801858652729,420.27912875838905,16.289968983585602,4.755194031324061,0.2850256040808445,27.088084366309392,74.30603231708386,2.633973490789275,data/images/frame_128.png,normal
2026-01-01 12:18:00,258,-6.913836716738295,107.61317879967676,85.50606431878046,31.29284010495428,51.28862273269407,404.24654348414805,17.69508280926879,4.202954691876718,0.32505420101471477,27.141305639664846,78.79687560588324,2.1793175700012943,data/images/frame_129.png,normal
2026-01-01 12:20:00,260,-6.912933553205905,107.61357154165377,85.4633000904137,48.1961656512217,146.28260224611267,409.2059766574099,15.80686359446466,12.06342348594249,0.303947941737093,27.788988659619058,72.60087374453684,2.5467049061044307,data/images/frame_130.png,industrial_dust
2026-01-01 12:22:00,262,-6.912856210084245,107.61352257260206,83.07433972199155,59.473292568644425,148.0598992148266,411.8710328123567,17.887242651171842,12.885409995129482,0.3170250426848224,28.171830125873427,75.97494176803554,2.7442819419955007,data/images/frame_131.png,industrial_dust
2026-01-01 12:24:00,264,-6.912602095805423,107.61370993507137,84.84129590080784,58.9930752560944,161.60322332469622,395.7082316898323,19.218326324260342,11.470353489713167,0.3024792591251353,26.918226999051992,73.57599354065079,2.5319121409400234,data/images/frame_132.png,industrial_dust
2026-01-01 12:26:00,266,-6.912741764394422,107.61406992560164,83.75624699237376,56.041611219866425,167.00786258360665,399.5690821891645,18.327262468717812,12.126497891695312,0.29642822310063066,27.015093786626206,76.18179466899298,2.8437467313408233,data/images/frame_133.png,industrial_dust
2026-01-01 12:28:00,268,-6.91230697157093,107.61408544563524,88.53404333933005,60.193582836619754,145.9356169443637,432.9275004114742,20.405546820300017,14.525573928455493,0.2810224452372978,26.841079541894327,80.58894717032318,2.4195354732802103,data/images/frame_134.png,industrial_dust
2026-01-01 12:30:00,270,-6.911797436874353,107.61457048105285,78.94687273155489,65.07073397666706,141.54709586257846,416.6178089555231,20.407425342979177,13.00430716588847,0.313183560229856,26.797908597806263,75.41052671451645,2.9542040802965097,data/images/frame_135.png,industrial_dust
2026-01-01 12:32:00,272,-6.911816744420687,107.61461355151926,86.02538796160903,63.305834040240036,150.04363222957903,408.6553737764921,18.933473774597985,13.319566535928548,0.32386536268560107,26.9752156804501,72.70446703366669,2.4665075789049467,data/images/frame_136.png,industrial_dust
2026-01-01 12:34:00,274,-6.911966518267824,107.61434217830254,87.46923125321098,60.3516051707854,145.53224401173026,419.9772107253672,18.483744396451616,13.163869471409651,0.32960397809314007,27.21587511319669,74.352976710338,2.2681245089957303,data/images/frame_137.png,industrial_dust
2026-01-01 12:36:00,276,-6.9110609128152545,107.61518228692997,91.46654218723374,62.19686141864111,143.73767049040526,419.7684064451836,20.178664554687245,12.985446775679835,0.3141776782593284,26.81710672755718,73.4714921445152,2.6398571491804077,data/images/frame_138.png,industrial_dust
2026-01-01 12:38:00,278,-6.911135913421713,107.61509244915777,89.53284943463288,51.79164839075621,139.32144103694614,410.8263254699382,20.50881443683665,11.350378691383579,0.31267306159487523,26.531803960369697,70.86643721399332,1.612757695548903,data/images/frame_139.png,industrial_dust
2026-01-01 12:40:00,280,-6.910931063831731,107.61516090593422,90.09640488448798,56.38868480435451,172.95267658434562,428.40132004490124,20.018398778938003,12.433486759542134,0.29976315174948226,27.378900740838073,70.74868465696815,2.5025201098537835,data/images/frame_140.png,industrial_dust
2026-01-01 12:42:00,282,-6.9103189467387915,107.61516660435902,85.14886375699857,52.47864186541864,168.2091101405124,433.9095060881747,16.744531049288234,14.10836198570207,0.3385419826753254,26.662673670058613,71.67308805922649,1.5798819813581606,data/images/frame_141.png,industrial_dust
2026-01-01 12:44:00,284,-6.910259501717251,107.6151355937069,87.5915946974216,28.589090861481694,55.240836850174716,391.64781534696294,19.363027478996404,6.37114245172479,0.2621244315776443,26.497853469911526,75.77877946088475,2.525078270900544,data/images/frame_142.png,normal
2026-01-01 12:46:00,286,-6.910013118756754,107.61537369529705,83.72372447946316,29.94309320666304,63.30713777565268,404.32364666274293,20.067749355183288,7.019238047837333,0.2869829834048077,26.953093227082622,77.18136285621937,2.3243540978851485,data/images/frame_143.png,normal
2026-01-01 12:48:00,288,-6.909829128232916,107.61536591335626,88.40176108280895,23.069672353998047,57.88952241621185,431.3120549825212,19.600722611755337,5.793580379279033,0.2691413128667535,27.45524015128457,67.28569824657895,2.4771455712501576,data/images/frame_144.png,normal
2026-01-01 12:50:00,290,-6.90950478828935,107.61514547908777,90.1440053920694,27.56257447236918,64.67634606393406,428.5678857700514,17.234780345763266,6.708867714178448,0.2725965685888397,27.188352798750696,71.66706557077774,1.8042803061898054,data/images/frame_145.png,normal
2026-01-01 12:52:00,292,-6.909274002784113,107.61534305107264,91.41817472901442,27.867931829578293,55.13482838164501,421.70389966742977,18.271173270760727,5.352600692530728,0.2823204113167665,27.206396356220914,71.8065695639451,1.7200079944784505,data/images/frame_146.png,normal
2026-01-01 12:54:00,294,-6.909896713767547,107.61553704841079,83.69082388118595,30.072633795914925,52.94453072940969,413.52073746854495,21.015491128769877,6.342239644752583,0.31210388024757224,26.839538064864584,79.77100258160209,1.9265607451078073,data/images/frame_147.png,normal
2026-01-01 12:56:00,296,-6.909608425571605,107.6156877247454,84.43739067241883,28.749670697203083,57.67653584429655,428.00554810222843,21.19761266629767,7.155634803859067,0.2761941210786684,27.317700625567046,73.21834394907891,1.763069219209628,data/images/frame_148.png,normal
2026-01-01 12:58:00,298,-6.908983844937396,107.61572424083151,85.01832150762516,30.836539812876147,52.48009506506198,425.6203294451587,23.737953255596597,7.681695816641109,0.28874731524554126,27.304989075043846,79.10574838581925,1.341342569383973,data/images/frame_149.png,normal
2026-01-01 13:00:00,300,-6.909212112506553,107.61580445830947,84.89134085092626,27.06376326730188,57.36425839998679,407.52993778851754,21.73381870853089,7.790705087509721,0.2877818073579561,26.920246832037243,74.17800238274934,1.8342165175077583,data/images/frame_150.png,normal
2026-01-01 13:02:00,302,-6.90873379377914,107.6158217511102,86.49982374200525,33.673623207459634,58.92700418990783,416.7119681136033,21.93257022483558,7.618945565434982,0.2443713434675102,27.428638562132747,74.70591304134922,1.5352449215231245,data/images/frame_151.png,normal
2026-01-01 13:04:00,304,-6.90861181240417,107.61576890846354,81.63540391929463,32.41237391927848,63.8688123772583,425.4382637358646,24.1274406998899,7.607126786651157,0.2762918783039268,27.84673768718785,76.52465616444289,1.2368202701314506,data/images/frame_152.png,normal
2026-01-01 13:06:00,306,-6.908989468332888,107.61592019055735,86.01165425345383,27.900055218955863,54.82237065786787,408.7640874493764,22.388614903357393,5.459497793104609,0.2796437799200046,27.340139634760455,73.00481437180746,1.6855756988832922,data/images/frame_153.png,normal
2026-01-01 13:08:00,308,-6.908890511361176,107.61607368914842,82.68552287939178,29.48392746497391,58.63585042527404,439.25543072163674,19.681331299683556,7.836980065572555,0.295110515504703,27.65390166222875,74.00039981659103,1.6430899080817771,data/images/frame_154.png,normal
2026-01-01 13:10:00,310,-6.908567397952385,107.61618731575254,81.43140908604067,28.656847979927022,61.04770996036203,414.69654854872954,22.941130297856386,6.680702810919837,0.2985853336531053,26.761942034627822,72.51333010519554,1.8002618725133737,data/images/frame_155.png,normal
2026-01-01 13:12:00,312,-6.907994380321967,107.61575113854103,84.99993898832997,24.71515893475288,53.922455491096834,449.71853782935574,22.134630612833462,8.022129216557532,0.25949367312520283,27.187994723700722,70.47369137087104,1.3267870476708994,data/images/frame_156.png,normal
2026-01-01 13:14:00,314,-6.908743265330775,107.61584181332985,82.65703245776625,23.705857427122943,51.35716897526851,426.79118054775415,21.819620742519415,6.746029861020325,0.2640149074152024,27.677583059498676,74.50284401438584,1.389559456506148,data/images/frame_157.png,normal
2026-01-01 13:16:00,316,-6.908692913808213,107.61499275440212,79.48817298869189,27.015874797270577,64.65806853414372,440.134615811259,21.612431817046122,7.455642905416051,0.24685976957286948,27.652763245763115,75.94771080503072,1.080169474429427,data/images/frame_158.png,normal
2026-01-01 13:18:00,318,-6.908610682390727,107.61550166361489,83.57894211810336,28.163659118782967,63.7538206891179,422.03394227173766,18.586727730360245,9.118339510335746,0.2667944250612322,27.561261819901496,77.00777396162069,1.49488704924495,data/images/frame_159.png,normal
